{
    "surface_area": [
        100.17197255185577
    ],
    "filled_volume": [
        81.12421202097089
    ],
    "vecinos": [
        14
    ]
}