{
    "surface_area": [
        55.40117664730482
    ],
    "filled_volume": [
        141.9661400884597
    ],
    "vecinos": [
        20
    ]
}