{
    "surface_area": [
        11.521486121187332
    ],
    "filled_volume": [
        81.12598219316718
    ],
    "vecinos": [
        14
    ]
}