{
    "surface_area": [
        150.25637962587996
    ],
    "filled_volume": [
        141.96456646609658
    ],
    "vecinos": [
        20
    ]
}