{
    "surface_area": [
        71.76522084981698
    ],
    "filled_volume": [
        141.96889496678403
    ],
    "vecinos": [
        20
    ]
}