{
    "surface_area": [
        50.00270836410947
    ],
    "filled_volume": [
        141.96614052726798
    ],
    "vecinos": [
        20
    ]
}