{
    "surface_area": [
        24.56073246449417
    ],
    "filled_volume": [
        81.12519522947501
    ],
    "vecinos": [
        14
    ]
}