{
    "surface_area": [
        14.302856210515348
    ],
    "filled_volume": [
        81.12283412342104
    ],
    "vecinos": [
        14
    ]
}