{
    "sm_mesh_training": [
        17.756289284292848,
        65.30452140494673,
        122.27986885262953,
        163.6127076610009,
        206.14406754787,
        238.165827090085,
        267.2256417985711,
        267.2256417985711,
        286.328606117857
    ],
    "filled_volume": [
        81.12440812321216,
        148.72808159107407,
        216.33175532487817,
        270.4146940109094,
        338.0183677136188,
        392.1013066042303,
        446.18424536443894,
        446.1842455234663,
        486.7464495576852
    ],
    "vacancias": [
        1,
        2,
        3,
        4,
        5,
        6,
        7,
        8,
        9
    ],
    "vecinos": [
        14,
        22,
        29,
        34,
        40,
        44,
        47,
        47,
        50
    ]
}